Metric,Average,Min,Max
CPU%,4.780370370370371,0.93,32.68
Memory Usage (MiB),220.58148148148146,107.4,309.3
Network I/O (MB),8.520756655092594,0.12080078125,21.94
