Metric,Average,Min,Max
CPU%,37.47064516129033,0.01,85.96
Memory Usage (MiB),190.30935483870968,91.55,300.2
Network I/O (MB),60.092318548387105,0.11025390625,149.2
