Metric,Average,Min,Max
CPU%,130.1603125,0.01,270.63
Memory Usage (MiB),807.2910625,85.25,1576.96
Network I/O (MB),2162.3246148681637,0.07265625,6512.639999999999
