Metric,Average,Min,Max
CPU%,33.13387096774194,0.01,91.13
Memory Usage (MiB),203.98903225806447,90.03,307.4
Network I/O (MB),60.81540511592743,0.06826171875,151.2
