Metric,Average,Min,Max
CPU%,61.11134453781513,0.01,533.57
Memory Usage (MiB),729.0815630252099,61.46,1527.808
Network I/O (MB),829.0122442883401,0.026074218750000003,3287.04
